,league,year,position,team,matches,wins,draws,loses,scored,missed,pts,xG,xG_diff,npxG,xGA,xGA_diff,npxGA,npxGD,ppda_coef,oppda_coef,deep,deep_allowed,xpts,xpts_diff,Team,G,A,SA,AOP,ASP,S,SOG,INT,CR,ACR,CC,BCC,CCOP,CCSP,BLK,TKL,TKLW,FC,FS,P,AP,ACRO,AW,BR,DR,DW,IBS,IBSOG,IBG,OBS,OBSOG,OBG,DSP,OWN,TOUCH,TBOX,PK,PKG,PKM,PKSVD,FKCR,FKACR,CRN,CRNCR,CRNW,FKS,FKSOG,FKG,GC,CS,SV,IBSV,OBSV,AKS,PKC,PKF,PKSV,CL,ECL,PUNCH,ALB,ATB,LMT,TOFF,BCM,BCS,ATTDR
0,Bundesliga,2018,1,Bayern Munich,34,24,6,4,88,32,78,92.24085700000002,4.2408570000000205,89.20990700000002,27.412343699999997,-4.587656299999999,22.865761100000004,66.3441459,8.642572553455787,30.236540574321232,435,89,82.00300000000001,4.003000000000013,Bayern Munich,88,62,0,51,11,637,257,336,777,201,474,109,340,71,61,464,294,312,346,19414,22197,97,534,2177,425,1753,435,197,75,204,62,13,317,1,28537,1327,4,3,1,0,54,14,287,239,288,28,9,0,32,12,48,28,24,11,6,6,0,344,344,3,1292,31,1,88,80,52,681
1,Bundesliga,2018,2,Borussia Dortmund,34,23,7,4,81,44,76,64.99440200000001,-16.005597999999992,61.963292,42.875457,-1.1245430000000027,39.08664099999999,22.876651000000006,14.560877751347856,15.57433156498908,268,159,62.854000000000006,-13.145999999999995,Borussia Dortmund,81,60,0,55,5,448,184,385,458,114,340,79,234,42,79,497,319,292,389,17828,20721,57,475,2005,440,1783,301,133,70,148,52,11,381,0,27343,899,4,4,0,0,50,16,168,132,170,17,10,3,44,10,90,60,30,3,5,5,0,628,628,13,981,36,1,64,51,51,737
4,Bundesliga,2018,3,RasenBallsport Leipzig,34,19,9,6,63,29,66,68.24640599999998,5.246405999999978,62.94214399999998,39.653422000000006,10.653422000000006,35.10698800000001,27.835156,10.663369039353787,10.54746878770609,245,160,63.056700000000006,-2.9432999999999936,RasenBallsport Leipzig,63,41,0,37,4,497,182,420,616,156,384,78,288,53,70,653,400,465,400,11421,15153,87,765,2234,315,2106,345,134,58,152,48,5,394,1,22306,881,7,5,1,1,55,8,190,160,191,18,9,2,29,16,95,72,23,17,6,6,0,668,668,6,864,29,3,87,63,38,554
2,Bundesliga,2018,4,Bayer Leverkusen,34,18,4,12,69,52,58,61.48967199999999,-7.510328000000008,57.70110540000001,45.71042799999999,-6.289572000000009,41.163764999999984,16.5373404,10.264005618192169,15.042458978643568,288,165,57.402,-0.5980000000000061,Bayer Leverkusen,75,55,0,49,6,535,206,364,642,157,394,71,305,34,99,598,377,370,400,18250,21543,104,574,2317,339,1885,342,143,66,195,65,9,405,3,28564,946,5,4,0,1,38,4,190,174,190,25,8,2,53,9,92,64,32,15,6,6,2,642,642,9,1197,23,0,66,44,44,574
8,Bundesliga,2018,5,Borussia M.Gladbach,34,16,7,11,55,42,55,54.92618900000001,-0.07381099999999208,49.519472,52.86834499999999,10.86834499999999,50.595009000000005,-1.0755369999999995,16.613169983090767,18.875893984673272,237,227,51.3782,-3.6218,Borussia M.Gladbach,55,42,0,36,6,459,159,310,565,140,346,59,258,46,102,500,294,332,365,14845,17600,79,447,1937,279,1565,286,115,47,175,46,8,304,0,23707,761,7,4,1,2,39,7,189,160,190,16,4,0,42,13,115,87,27,3,3,3,0,588,588,4,1067,19,2,70,50,30,484
5,Bundesliga,2018,6,Wolfsburg,34,16,7,11,62,50,55,49.49094099999999,-12.509059000000008,45.702556,49.835679000000006,-0.16432099999999394,45.194779,0.5077769999999999,10.774149849533998,13.034452582184933,181,182,47.03530000000001,-7.9646999999999935,Wolfsburg,62,38,0,29,9,425,167,430,681,176,314,54,226,48,95,540,345,358,445,12164,15473,122,638,2081,252,1839,269,122,57,159,48,5,331,0,22202,692,5,5,0,0,46,13,175,134,175,15,5,0,50,9,110,59,51,5,6,6,1,739,739,17,1449,16,4,67,38,37,431
6,Bundesliga,2018,7,Eintracht Frankfurt,34,15,9,10,60,48,54,61.84249300000001,1.842493000000012,58.81138000000001,51.017874,3.0178739999999986,50.260094,8.551286,11.38740030275643,10.680012207908398,178,217,54.37570000000001,0.3757000000000089,Eintracht Frankfurt,61,42,0,36,6,426,155,380,686,155,310,78,210,55,103,612,376,432,353,9861,13531,97,846,2398,301,2092,296,122,56,130,33,5,369,2,20551,769,4,4,0,0,59,16,183,133,183,11,4,1,54,9,127,85,46,13,1,1,0,669,669,14,1094,20,1,84,56,45,542
7,Bundesliga,2018,8,Werder Bremen,34,14,11,9,58,49,53,49.360429,-8.639571000000004,46.32931,56.70904,7.709040000000003,52.920239,-6.590929000000001,11.856144790011268,15.16784381961853,233,206,44.36279999999999,-8.637200000000009,Werder Bremen,58,38,0,36,2,470,178,407,676,164,352,44,274,39,109,552,344,437,350,13366,16719,110,612,2066,210,1710,300,125,47,171,54,11,327,0,23387,757,4,4,0,0,55,12,168,157,168,11,3,2,49,5,108,71,39,5,5,5,0,773,773,14,1086,14,2,40,37,30,405
3,Bundesliga,2018,9,Hoffenheim,34,13,12,9,70,52,51,79.95464399999999,9.954644000000002,74.65037199999999,53.288005000000005,1.2880049999999983,47.983984,26.666387999999994,9.062837225379194,13.833265466365473,308,239,62.95599999999999,11.955999999999989,Hoffenheim,70,49,0,43,6,612,225,400,666,179,469,88,364,56,104,574,365,471,355,13450,16404,115,541,2112,352,1795,391,158,62,222,68,8,361,1,23289,1015,7,6,1,0,30,11,182,160,182,15,5,1,52,5,123,80,44,7,7,7,0,603,603,8,952,17,3,66,77,42,591
10,Bundesliga,2018,10,Fortuna Duesseldorf,34,13,5,16,49,65,44,49.474933,0.4749330000000001,44.170747,63.06352,-1.9364799999999958,57.759085,-13.588337999999993,17.284161963000386,10.344535979810232,163,223,39.2058,-4.7941999999999965,Fortuna Duesseldorf,50,36,0,32,4,432,164,427,563,158,317,55,230,51,112,635,388,443,424,10732,13794,90,656,2019,238,1919,265,118,43,168,47,7,264,0,20303,625,7,5,2,0,42,17,148,132,150,17,4,1,66,5,117,66,54,4,8,8,0,751,751,25,1228,18,2,50,44,31,449
11,Bundesliga,2018,11,Hertha Berlin,34,11,10,13,49,57,43,50.520192,1.5201919999999944,47.48907999999999,61.58314800000001,4.5831480000000075,57.036979,-9.547898999999996,12.126609539600524,12.111640071398453,194,252,41.9502,-1.0497999999999976,Hertha Berlin,49,32,0,25,7,405,150,382,554,148,308,57,229,47,117,537,351,447,378,11517,14694,88,713,1991,302,1906,276,110,46,129,40,3,333,2,21320,660,4,4,0,0,39,9,146,133,149,15,4,2,57,9,107,77,33,8,6,6,1,764,764,7,1079,17,0,75,39,35,509
13,Bundesliga,2018,12,Mainz 05,34,12,7,15,46,57,43,49.21424500000001,3.2142450000000053,46.941165000000005,62.80341099999998,5.803410999999982,59.772790999999984,-12.831625999999998,14.183304967594413,10.580645158882351,211,244,39.3397,-3.6603,Mainz 05,46,30,0,27,3,497,151,397,646,152,363,56,290,43,124,528,308,430,362,10533,13666,99,668,2098,317,1862,287,106,41,212,47,5,393,0,20539,691,3,3,0,0,48,14,150,142,151,18,4,0,57,7,119,69,50,7,4,4,0,676,676,11,1127,16,1,83,43,27,556
12,Bundesliga,2018,13,Freiburg,34,8,12,14,46,61,36,41.225196000000004,-4.774804000000003,36.584205,61.42939199999999,0.4293919999999858,56.12494499999998,-19.54074,14.873624937246413,11.06321229552573,141,249,35.6689,-0.3310999999999993,Freiburg,47,25,0,20,5,435,166,374,546,140,303,41,238,40,125,585,363,425,426,10823,13858,90,593,1913,242,1815,239,112,39,198,56,8,303,0,20366,573,7,6,0,1,47,16,155,134,156,19,6,3,62,5,118,67,50,9,7,7,0,861,861,15,1136,10,0,52,37,23,456
14,Bundesliga,2018,14,Schalke 04,34,8,9,17,37,55,33,46.618307,9.618306999999994,39.79839799999999,51.93916300000001,-3.0608369999999923,47.39266300000001,-7.594264999999999,11.942048325079872,8.96341887316962,168,184,44.15759999999999,11.157599999999988,Schalke 04,37,22,0,17,5,432,135,430,540,161,321,49,220,76,120,656,395,458,412,10363,13519,61,622,2160,370,2039,269,98,30,163,37,7,386,1,20563,753,9,7,1,1,75,29,162,160,162,18,4,1,55,8,119,68,49,7,6,6,1,637,637,15,970,13,1,77,46,26,625
9,Bundesliga,2018,15,Augsburg,34,8,8,18,51,71,32,47.44357700000001,-3.5564229999999952,43.65493400000001,63.79156999999999,-7.208430000000009,62.17374,-18.518806,11.918817082532462,11.325131883623335,182,266,37.0815,5.081499999999998,Augsburg,51,33,0,25,8,462,167,486,612,153,337,46,256,48,136,603,382,464,358,10476,13989,96,686,2162,212,1829,288,112,43,175,56,8,352,2,20748,632,5,5,0,0,42,13,146,129,147,19,6,3,71,6,124,79,51,7,2,2,1,732,732,7,1037,10,3,85,39,26,410
15,Bundesliga,2018,16,VfB Stuttgart,34,7,7,20,32,70,28,37.3775347,5.377534699999997,36.6197567,62.69824799999999,-7.3017520000000085,60.424928,-23.805171299999994,14.468857258758288,10.838292902221317,153,260,31.9873,3.987300000000001,VfB Stuttgart,32,26,0,21,5,408,115,398,727,188,306,43,235,43,116,575,359,373,400,10270,13561,121,743,1970,237,1935,245,80,26,163,35,6,309,4,20343,610,1,1,0,0,51,16,170,156,171,16,4,0,70,6,113,78,36,14,3,3,0,840,840,16,981,11,6,67,37,20,395
16,Bundesliga,2018,17,Hannover 96,34,5,6,23,31,71,21,34.808797,3.8087969999999984,32.535470000000004,73.12036599999998,2.12036599999999,67.81601500000001,-35.28054500000001,18.07376549161944,9.462546960460609,157,309,25.2055,4.205499999999997,Hannover 96,31,20,0,18,2,384,121,459,521,119,283,37,217,44,124,584,343,422,422,10483,13642,75,632,2042,275,1896,231,83,27,154,39,4,388,1,20575,571,3,3,0,0,45,10,143,140,143,13,5,1,71,5,157,99,61,9,7,7,1,762,762,15,1029,9,0,58,32,17,528
17,Bundesliga,2018,18,Nuernberg,34,3,10,21,26,68,19,35.37174299999999,9.371742999999988,30.825158,54.801146,-13.198854000000004,51.77004600000001,-20.944887999999988,20.304274836579374,11.318299423630195,148,259,35.1158,16.1158,Nuernberg,26,16,0,11,5,360,104,354,495,111,243,23,179,48,119,551,350,393,387,9746,12827,51,647,1894,248,1801,193,69,22,168,36,4,293,2,19060,488,6,2,2,2,55,13,151,139,151,19,6,0,68,4,115,73,42,7,4,4,1,792,792,24,930,8,1,54,29,15,462
0,EPL,2018,1,Manchester City,38,32,2,4,95,23,98,93.720559,-1.2794409999999914,90.67588,25.732604100000003,2.7326041,22.687925100000005,67.98795489999998,8.526163727355268,30.46811259810453,582,135,90.6406,-7.359400000000008,Manchester City,95,72,0,65,7,683,260,362,784,154,517,101,400,44,63,520,328,328,305,23654,26582,84,546,2222,434,1795,449,198,80,238,66,15,393,0,33592,1588,4,3,1,0,43,12,298,207,302,21,9,2,23,20,58,39,21,16,4,4,0,543,543,6,1098,35,0,98,70,53,731
1,EPL,2018,2,Liverpool,38,30,7,1,89,22,97,79.45754000000002,-9.542459999999991,74.12935999999999,29.145105000000004,7.1451050000000045,28.38393600000001,45.74542399999999,10.959870865746092,22.161375690580364,431,152,83.45409999999998,-13.545900000000017,Liverpool,89,55,0,41,14,575,226,314,721,173,426,78,322,45,78,611,376,315,354,19964,23637,99,606,2375,352,1901,381,182,84,197,47,5,427,0,30897,1239,7,7,0,0,45,10,249,189,250,20,6,1,22,21,76,51,24,18,1,1,0,638,638,17,1166,38,2,77,54,54,612
5,EPL,2018,3,Chelsea,38,21,9,8,63,39,72,63.968004,0.9680040000000004,60.162158,38.10768700000001,-0.8923129999999944,36.447257,23.714901,10.650182661297576,15.995166726004904,376,188,71.45100000000001,-0.5490000000000066,Chelsea,63,52,0,43,9,607,198,353,692,133,493,80,389,41,73,619,365,339,429,21958,25073,80,532,2373,447,2013,379,140,54,230,60,9,457,0,32356,1102,5,5,0,0,37,6,215,179,215,30,8,0,39,16,85,48,40,8,2,2,1,592,592,11,1092,62,2,83,60,34,702
3,EPL,2018,4,Tottenham,38,23,2,13,67,39,71,61.746657000000006,-5.253342999999994,58.70202,49.14606800000002,10.146068000000014,45.34022,13.361800000000002,9.90848208787457,17.680093699619132,270,202,61.43999999999999,-9.56000000000001,Tottenham,67,47,0,38,9,537,189,326,643,166,393,64,299,46,112,630,374,376,368,17716,21298,112,610,2365,367,1960,327,137,53,211,53,14,350,3,28696,954,4,4,0,0,45,13,194,140,195,23,10,2,39,13,120,86,37,19,5,5,2,770,770,22,1106,25,3,74,52,35,670
2,EPL,2018,5,Arsenal,38,21,7,10,73,51,70,64.79537200000001,-8.204627999999985,60.98952099999999,57.2974875,6.297487500000003,51.969339500000004,9.020181500000003,10.080325377078493,13.944289085235267,400,253,58.9713,-11.0287,Arsenal,73,52,0,43,9,467,170,412,605,126,363,72,284,27,118,609,366,412,460,17331,20804,85,565,2296,301,1921,316,134,62,155,40,11,410,2,28126,1048,5,4,0,1,29,4,209,126,210,11,4,3,51,8,133,86,49,15,7,7,0,763,763,18,1045,25,2,89,50,39,535
4,EPL,2018,6,Manchester United,38,19,9,10,65,54,66,68.61749799999998,3.617497999999984,59.37586199999999,52.30019000000002,-1.6998099999999778,47.733182000000006,11.64268,11.073851102868893,14.433334468656629,313,268,61.85960000000002,-4.140399999999978,Manchester United,65,40,0,35,5,526,225,355,638,128,382,64,308,33,128,582,347,433,409,15796,19203,74,697,2214,320,1986,311,153,55,215,72,10,425,3,26475,965,12,9,0,3,37,7,200,168,200,27,13,2,54,7,122,65,57,5,6,6,0,783,783,12,1176,28,2,90,61,36,549
12,EPL,2018,7,Wolverhampton Wanderers,38,16,9,13,47,46,57,53.05869160000001,6.058691600000009,50.01401560000002,42.691294,-3.3087060000000013,39.646622,10.367393600000002,15.863031190347195,12.292937802483705,184,220,59.9145,2.9144999999999968,Wolverhampton Wanderers,47,35,0,27,8,477,152,501,622,157,351,63,268,45,148,719,408,409,329,12991,16622,101,821,2468,328,2177,298,121,44,180,32,3,402,4,23966,753,4,4,0,0,44,17,195,153,195,12,3,2,46,9,100,63,39,1,4,4,0,824,824,8,1256,13,2,73,47,32,592
7,EPL,2018,8,Everton,38,15,9,14,54,46,54,53.86613399999999,-0.1338660000000118,49.92234399999998,49.30978990000001,3.3097899000000126,45.396306900000006,4.526037099999998,10.259641140308236,10.972068436971488,211,210,55.5378,1.5378000000000045,Everton,54,34,0,27,7,496,169,453,814,203,353,51,249,68,85,699,440,432,423,12756,16498,114,893,2434,327,2316,335,131,45,162,39,9,468,2,24494,918,5,2,1,2,81,23,215,197,215,20,6,2,46,14,94,56,37,15,5,5,3,824,824,13,1032,19,3,69,49,28,585
9,EPL,2018,9,West Ham,38,15,7,16,52,55,52,47.96052790000002,-4.039472099999976,44.15483690000002,65.66202299999999,10.66202299999999,61.856183,-17.701346099999995,13.315241395849931,10.406222991286182,261,293,43.7194,-8.2806,West Ham,52,33,0,24,9,441,157,457,630,152,325,47,240,51,141,723,393,331,393,12866,16357,76,643,2444,386,2129,278,117,47,164,41,5,389,1,24042,828,5,5,0,0,24,7,188,172,188,17,1,0,55,7,148,102,44,5,5,5,1,855,855,17,1103,30,4,71,33,30,666
10,EPL,2018,10,Leicester,38,15,7,16,51,48,52,52.11415300000001,1.1141530000000088,46.78597900000001,44.642585,-3.357415000000003,40.836749,5.949230000000003,12.790205225969682,11.480872856407974,205,253,56.23779999999999,4.237799999999994,Leicester,51,34,0,29,5,515,184,437,779,167,383,58,283,64,96,676,394,351,385,13638,17218,95,818,2317,385,2250,300,129,43,218,58,8,359,0,25040,865,7,5,0,2,47,13,210,182,210,19,6,3,48,10,90,62,29,7,5,5,0,945,945,15,1168,28,4,72,46,27,659
8,EPL,2018,11,Watford,38,14,8,16,52,59,50,51.73354600000001,-0.2664539999999889,50.97237600000002,63.291170999999984,4.291170999999984,59.485323,-8.512947,12.497500664608385,10.361421707280273,275,264,46.00149999999999,-3.9985000000000066,Watford,52,39,0,30,9,437,152,428,570,105,312,62,244,27,120,660,391,433,383,11770,15464,64,773,2330,288,2083,284,118,44,154,35,8,419,3,22879,912,1,1,0,0,70,9,177,139,178,22,4,0,59,7,127,86,41,30,5,5,1,956,956,10,1032,12,7,89,54,26,539
11,EPL,2018,12,Crystal Palace,38,14,7,17,51,53,49,50.642166,-0.3578340000000039,42.269351,52.804285,-0.19571499999999986,48.998432,-6.7290810000000025,15.408263149673393,9.201229984572498,256,261,51.92549999999999,2.9254999999999924,Crystal Palace,51,33,0,27,6,493,147,445,581,140,358,40,287,38,141,735,448,386,402,11706,15235,81,689,2301,373,2180,313,102,43,183,48,8,475,1,23208,962,11,10,0,1,45,9,205,182,205,16,6,1,53,12,113,75,37,7,5,5,1,939,939,25,917,12,2,78,39,25,664
15,EPL,2018,13,Newcastle United,38,12,9,17,42,48,45,39.9106505,-2.0893495000000044,37.6271415,57.545492,9.545492000000003,52.978485000000006,-15.3513435,14.721739818393585,10.545337655498406,178,305,39.2231,-5.776899999999998,Newcastle United,42,33,0,25,8,446,142,507,711,170,325,39,249,42,134,715,435,423,335,9829,13486,112,804,2321,233,2066,269,104,40,178,39,2,404,1,21312,686,3,1,0,2,42,8,181,155,181,16,4,1,48,11,95,71,29,14,6,6,0,1120,1120,15,1122,17,3,59,32,21,441
6,EPL,2018,14,Bournemouth,38,13,6,19,56,70,45,58.812899,2.8128990000000016,51.962379,62.423162,-7.576838000000002,58.61741299999999,-6.655034000000002,17.275897577109973,10.752280518848501,280,313,51.4947,6.494700000000003,Bournemouth,56,42,0,32,10,446,163,369,612,168,334,76,240,47,152,523,296,340,450,12459,15944,105,716,2182,290,1956,294,127,50,153,37,6,356,3,23369,897,9,7,1,1,46,18,191,134,191,16,5,0,70,10,110,70,40,12,5,5,0,1024,1024,8,805,27,5,57,57,38,577
13,EPL,2018,15,Burnley,38,11,7,20,45,68,40,44.7412159,-0.2587840999999997,43.2189159,66.12206499999999,-1.8779350000000081,63.83859499999999,-20.619679100000006,14.485418849050815,10.630246321421213,193,315,41.9982,1.998200000000004,Burnley,45,31,0,21,10,360,115,367,692,167,256,49,174,49,222,585,311,360,358,9140,13009,95,1050,2236,207,2164,256,99,43,107,19,2,314,4,20297,651,2,2,0,0,51,17,140,129,140,14,2,0,68,8,140,98,48,19,3,3,1,1081,1081,11,1189,13,5,106,41,25,370
14,EPL,2018,16,Southampton,38,9,12,17,45,65,39,49.671325,4.671325000000003,45.86548,59.27171400000001,-5.728285999999991,56.98821400000002,-11.122733999999998,12.041886370515885,10.886729318778977,206,300,45.10750000000001,6.107500000000008,Southampton,45,27,0,24,3,484,162,547,666,162,341,48,256,54,153,699,428,420,346,10575,14296,88,776,2306,284,2092,275,94,31,210,69,14,378,3,22111,751,5,4,0,1,48,17,193,182,195,20,10,3,65,7,114,79,38,11,3,3,1,1067,1067,20,885,19,4,61,50,25,507
16,EPL,2018,17,Brighton,38,9,9,20,35,60,36,37.027868,2.027867999999998,32.46084400000001,62.46214499999999,2.462145,54.850534,-22.389689999999995,15.008271843371107,11.455870375765915,153,321,36.186,0.18599999999999994,Brighton,35,24,0,13,11,370,108,464,637,185,283,33,207,52,170,681,392,463,307,10552,14110,103,836,2265,263,2069,226,84,34,144,24,1,338,0,21439,618,6,5,0,1,51,20,156,138,158,12,1,0,60,7,111,69,47,3,10,10,0,921,921,9,1146,4,4,90,22,23,509
17,EPL,2018,18,Cardiff,38,10,4,24,34,69,34,41.7697266,7.7697265999999985,38.7250676,66.503167,-2.496832999999995,61.174976,-22.449908399999998,18.46297272076852,6.019176202017512,143,357,37.44920000000001,3.449200000000012,Cardiff,34,20,0,13,7,417,126,533,564,148,295,32,218,56,147,655,375,374,394,6530,10224,78,978,2265,259,2267,252,93,29,166,34,5,332,0,17511,748,4,3,0,1,61,14,168,156,169,13,2,0,69,10,141,103,40,17,7,7,3,980,980,11,873,10,3,77,32,19,476
18,EPL,2018,19,Fulham,38,7,5,26,34,81,26,42.621864,8.621863999999995,40.338362,73.58661000000002,-7.413389999999992,68.25856000000002,-27.920198,16.566611432665667,12.021677461265831,171,335,33.6044,7.604399999999997,Fulham,34,24,0,22,2,454,146,434,611,143,352,48,278,48,144,597,362,423,345,14212,17697,89,750,2342,353,2033,247,94,30,208,53,4,486,3,25209,646,3,2,0,1,20,4,161,126,162,10,2,0,81,5,147,111,37,16,7,7,1,970,970,29,1096,14,0,90,45,22,567
19,EPL,2018,20,Huddersfield,38,3,7,28,22,76,16,29.002263000000006,7.002263000000003,28.241097999999997,67.194016,-8.805983999999993,61.10473900000001,-32.863640999999994,12.825775161703007,11.012888461756962,133,276,29.610599999999994,13.610599999999994,Huddersfield,22,13,0,8,5,400,117,531,769,168,283,26,222,48,130,706,424,420,371,12059,15911,105,860,2352,229,2150,232,73,17,170,46,5,401,1,23236,626,1,1,0,0,62,14,162,146,163,15,8,1,76,5,114,82,34,8,8,8,1,657,657,21,1198,5,1,63,23,10,440
0,La_liga,2018,1,Barcelona,38,26,9,3,90,36,87,83.279534,-6.720466000000003,76.584704,44.93094999999999,8.930949999999989,43.44439999999999,33.14030400000001,9.015263901517137,16.404884844687324,417,171,73.96039999999998,-13.039600000000007,Barcelona,90,61,0,56,5,560,253,391,394,84,409,103,323,21,101,538,346,410,559,22340,25308,54,461,2271,442,1979,346,180,77,216,75,13,435,1,32062,1135,9,8,0,1,38,8,205,103,208,50,16,6,36,17,95,64,34,6,2,2,0,505,505,9,1303,61,1,102,79,50,749
4,La_liga,2018,2,Atletico Madrid,38,22,10,6,55,29,76,51.872324000000006,-3.1276759999999935,48.73093600000002,41.43405900000001,12.434059000000005,37.71779400000001,11.013142000000002,11.066204538602877,11.10477810643612,252,190,59.4276,-16.572400000000002,Atletico Madrid,55,36,0,28,8,444,160,463,590,132,353,56,259,54,94,785,487,476,457,14111,17510,65,693,2311,358,2272,259,107,41,187,55,14,413,2,24647,831,4,3,0,1,48,14,217,179,219,21,8,3,29,20,110,72,38,5,5,5,0,776,776,10,1045,29,1,80,45,32,565
1,La_liga,2018,3,Real Madrid,38,21,5,12,63,46,68,68.65477299999999,5.654773000000006,61.96552500000001,48.67575300000001,2.675753000000008,42.729664,19.235861,8.896578362734846,14.782500589542506,341,168,64.7728,-3.2271999999999963,Real Madrid,63,39,0,32,7,594,216,373,762,176,466,78,370,55,78,626,395,446,554,19536,22337,114,499,2221,453,2103,387,163,58,209,55,5,356,0,29685,1169,9,9,0,0,58,15,221,143,221,19,6,1,46,12,93,56,40,9,8,8,1,548,548,5,1535,26,2,112,62,40,749
6,La_liga,2018,4,Valencia,38,15,16,7,51,35,61,61.88494899999998,10.884948999999976,56.56901899999999,42.854366999999996,7.8543670000000025,36.90841000000001,19.660608999999994,12.964657587277866,9.474006705870321,278,215,65.16159999999999,4.161599999999994,Valencia,51,38,0,30,8,477,166,417,715,182,370,71,278,53,120,599,384,463,521,12700,15951,111,618,2290,331,2040,306,126,47,172,41,4,337,2,23153,872,7,5,0,2,45,12,196,161,198,18,4,1,35,13,121,68,53,4,8,8,1,815,815,11,1150,28,1,75,56,35,578
2,La_liga,2018,5,Sevilla,38,17,8,13,62,47,59,69.16230599999999,7.162305999999987,64.54245300000001,46.71073199999999,-0.28926800000000696,41.508814999999984,23.033638,10.65203081464584,10.020620488210042,321,211,65.07809999999999,6.078099999999992,Sevilla,62,46,0,42,4,530,178,365,812,188,393,82,312,32,114,600,408,536,468,13450,16892,135,679,2336,349,2062,347,142,58,185,38,4,391,0,24299,1007,6,5,0,1,41,10,223,163,223,11,1,0,47,11,110,64,46,9,7,7,1,765,765,11,1164,32,3,111,59,48,598
9,La_liga,2018,6,Getafe,38,15,14,9,48,35,59,47.034178,-0.9658219999999956,42.578151,44.226040999999995,9.226041000000002,39.023109999999996,3.5550409999999992,8.766903297859301,5.700771442750934,186,196,53.1872,-5.812799999999997,Getafe,48,34,0,30,4,401,129,453,638,156,294,44,210,50,81,605,357,642,507,7149,11228,101,868,2370,298,2240,274,105,42,128,25,6,366,2,18759,739,6,6,0,0,60,20,158,106,159,13,5,0,35,13,102,75,26,18,7,7,2,855,855,30,1188,19,1,102,34,27,575
8,La_liga,2018,7,Espanyol,38,14,11,13,48,50,53,50.15734599999999,2.1573459999999898,47.18422799999999,54.61608600000002,4.616086000000017,48.54874700000001,-1.364519000000001,9.856488791776902,9.819171281248204,241,241,50.0883,-2.9117000000000037,Espanyol,48,24,0,21,3,475,160,409,544,115,332,51,276,32,134,657,394,531,514,12998,16245,74,618,2168,311,2069,274,104,38,206,61,10,374,2,23399,735,4,4,0,0,33,8,175,118,175,25,5,2,50,10,121,90,33,2,8,8,2,891,891,11,1161,33,0,84,45,29,518
15,La_liga,2018,8,Athletic Club,38,13,14,11,41,45,53,44.441324,3.4413239999999945,38.917078999999994,47.15881799999999,2.158817999999989,43.44242800000001,-4.5253489999999985,8.304491872691997,11.302557686903405,221,185,50.01219999999999,-2.9878000000000067,Athletic Club,41,27,0,24,3,387,140,451,727,169,302,44,223,49,93,644,382,580,499,12162,15814,104,963,2286,284,2343,270,113,39,119,29,2,344,0,22942,753,7,5,0,2,62,24,153,131,153,6,2,1,45,10,78,47,28,15,5,5,0,770,770,18,1185,19,4,74,39,24,539
11,La_liga,2018,9,Real Sociedad,38,13,11,14,45,46,50,47.987101,2.9871010000000027,40.55446600000001,48.094440000000006,2.0944399999999987,45.68397,-5.129504000000002,9.943556360727678,9.488771035326913,194,208,51.12550000000001,1.1255000000000095,Real Sociedad,45,27,0,23,4,428,144,425,627,181,318,49,246,43,109,582,344,492,554,13497,16838,111,723,2283,404,2229,261,110,42,168,35,3,466,2,24360,710,10,8,0,2,64,14,178,154,178,16,3,0,46,9,99,66,35,12,3,3,1,789,789,11,1086,23,2,92,45,30,672
16,La_liga,2018,10,Alaves,38,13,11,14,39,50,50,40.87301300000001,1.8730130000000076,38.643174,54.53208800000001,4.532088000000009,50.072421000000006,-11.429247,11.228230078782058,7.096709822691348,129,270,44.01619999999999,-5.9838000000000084,Alaves,39,26,0,14,12,429,122,390,729,181,299,39,227,45,117,646,388,551,502,8748,12363,135,895,2245,268,2275,261,81,33,168,41,6,339,2,19791,652,3,2,0,1,60,16,145,115,145,16,4,2,50,8,121,81,41,17,6,6,0,1001,1001,17,1101,5,5,58,34,20,484
12,La_liga,2018,11,Real Betis,38,14,8,16,44,52,50,51.677425,7.677424999999999,46.35324500000001,53.54473199999999,1.5447319999999891,49.828348999999996,-3.4751039999999986,9.316620850951313,12.38168493475522,241,220,52.3904,2.3904,Real Betis,44,30,0,27,3,443,168,361,590,130,327,50,256,40,80,616,378,435,555,18503,21350,82,481,2066,436,2063,261,108,37,183,61,7,392,0,28386,890,7,5,0,2,41,10,186,132,186,31,9,4,52,11,103,70,35,17,5,5,1,641,641,10,1110,23,6,79,43,25,705
10,La_liga,2018,12,Eibar,38,11,14,13,46,50,47,56.63360599999999,10.633605999999991,50.68738099999999,47.884205,-2.1157950000000056,44.91108499999999,5.776295999999998,7.067694653568081,11.224323961604387,235,177,56.75300000000002,9.75300000000002,Eibar,46,26,0,20,6,532,156,368,1057,266,374,45,272,76,53,640,424,522,397,11782,16202,174,1029,2576,338,2364,353,119,39,179,37,7,388,1,23897,963,8,7,1,0,73,15,223,192,224,20,7,2,50,9,83,61,23,30,4,4,1,638,638,12,1531,7,5,92,35,34,588
18,La_liga,2018,13,Leganes,38,11,12,15,37,43,45,41.24928400000001,4.249284000000009,37.53314900000001,43.936601,0.936600999999996,40.79521999999999,-3.2620710000000006,12.471570785777807,9.964576074877924,155,190,51.14569999999999,6.145699999999992,Leganes,37,25,0,18,7,419,133,432,744,202,306,36,234,47,84,609,382,541,404,9814,13403,142,953,2252,245,2167,284,91,33,136,43,4,305,1,20391,662,5,3,1,1,60,14,139,123,140,14,5,0,43,11,92,63,31,10,4,4,1,865,865,27,1209,8,1,75,37,17,464
3,La_liga,2018,14,Levante,38,11,11,16,59,66,44,54.08891299999999,-4.911087000000009,48.886359000000006,78.86325499999998,12.863254999999981,72.01381799999999,-23.127458999999995,10.581995110215344,7.043106727634993,206,295,40.23330000000001,-3.7666999999999935,Levante,59,40,0,28,12,442,161,422,674,136,310,73,233,34,151,572,372,501,494,9857,13092,78,497,2276,394,1922,273,124,54,172,40,5,428,2,20519,753,7,5,0,2,52,14,202,174,204,32,14,1,66,7,162,100,63,13,9,9,1,795,795,18,1019,25,4,85,53,39,733
7,La_liga,2018,15,Villarreal,38,10,14,14,49,52,44,54.79973999999998,5.799739999999979,50.32650399999999,56.11814799999999,4.118147999999991,52.402151,-2.075647,11.152921069614614,11.173710155519862,232,263,52.17990000000001,8.179900000000009,Villarreal,49,34,0,24,10,494,175,390,618,135,370,63,288,42,142,669,413,518,418,12802,16016,82,644,2161,345,2039,325,127,44,171,50,5,340,3,23198,872,6,3,1,2,32,7,168,143,169,8,4,1,52,11,138,91,48,12,5,5,1,823,823,13,1198,27,1,95,54,27,601
5,La_liga,2018,16,Celta Vigo,38,10,11,17,53,62,41,48.69985200000002,-4.300147999999986,43.49692900000001,63.4295,1.429499999999997,58.22655399999999,-14.729625000000008,10.772791434260554,11.755188285583776,195,248,41.626000000000005,0.6259999999999977,Celta Vigo,53,37,0,33,4,452,161,382,659,134,343,44,271,35,105,635,377,458,491,14067,17201,84,685,2164,376,2159,285,108,45,168,54,8,371,1,24343,720,7,7,0,0,55,17,163,131,163,22,7,2,62,8,107,69,40,15,7,7,0,810,810,13,1109,13,1,90,35,27,623
19,La_liga,2018,17,Real Valladolid,38,10,11,17,32,51,41,41.641546999999974,9.641546999999981,36.438739,57.647325,6.647324999999995,50.82946199999999,-14.390723000000001,11.450773336203998,9.834414454214562,139,243,41.7997,0.7997000000000014,Real Valladolid,32,19,0,16,3,413,133,387,804,151,295,43,232,42,113,715,442,521,528,11047,14462,99,619,2264,285,2116,235,90,24,179,44,8,348,1,21747,639,7,4,1,2,57,13,201,145,201,24,6,3,51,9,107,65,42,3,9,9,3,780,780,11,1172,7,5,96,45,15,468
17,La_liga,2018,18,Girona,38,9,10,19,37,53,37,42.986638000000006,5.986638000000006,38.527246999999996,55.334056000000004,2.334055999999997,49.38795,-10.860703,11.3904531125528,9.8565446351714,177,261,45.16560000000001,8.165600000000005,Girona,37,23,0,17,6,398,146,432,743,175,282,45,209,48,124,614,367,537,533,12152,15465,116,776,2264,316,2206,247,109,35,151,37,2,370,2,22858,680,6,6,0,0,62,18,136,119,137,21,3,1,53,9,156,98,59,7,8,8,0,846,846,11,1155,18,2,60,42,25,537
13,La_liga,2018,19,SD Huesca,38,7,12,19,43,65,33,51.37756899999998,8.377568999999982,46.17501199999999,63.425214,-1.5747859999999958,56.73598499999999,-10.560972999999997,10.221756055844525,8.701259696940419,171,259,44.9625,11.9625,SD Huesca,43,28,0,17,11,470,148,436,770,186,337,48,258,50,107,711,450,579,449,9690,13145,129,773,2265,312,2202,291,106,38,179,42,5,355,3,20644,764,7,6,0,1,51,8,168,146,169,19,4,1,65,6,114,79,36,3,9,9,0,883,883,9,1118,9,6,94,41,27,589
14,La_liga,2018,20,Rayo Vallecano,38,8,8,22,41,70,32,47.233183,6.233183000000004,43.517691000000006,62.318235,-7.681765000000006,54.001658,-10.483966999999998,9.531583380516217,7.522984466152092,133,253,43.015,11.015,Rayo Vallecano,41,24,0,22,2,458,151,434,783,172,335,41,254,56,77,651,422,567,460,11411,14463,111,553,2306,532,2175,252,97,31,207,55,10,494,1,22503,667,5,5,0,0,52,9,186,160,187,22,8,1,70,7,114,76,39,11,11,11,4,861,861,13,1036,13,3,71,38,25,849
0,Ligue_1,2018,1,Paris Saint Germain,38,29,4,5,105,35,91,95.34405999999998,-9.655940000000015,86.22307699999998,36.782404799999995,1.7824048000000021,32.0777118,54.14536519999999,7.785468251157264,18.947671996022738,459,132,86.0429,-4.957099999999997,Paris Saint Germain,105,71,0,65,6,561,230,342,589,132,423,105,310,40,93,702,432,474,456,20985,23602,72,417,2256,452,1998,398,190,96,165,42,9,454,4,30518,1207,12,10,0,2,35,8,238,165,239,29,8,3,35,17,101,58,44,4,6,6,1,486,486,6,878,76,2,92,69,75,744
2,Ligue_1,2018,2,Lille,38,22,9,7,68,33,75,60.00665599999999,-7.993344000000007,50.026531,39.84752999999999,6.847529999999992,32.246634,17.779897000000002,11.975529779779038,11.29012705073049,196,162,67.0171,-7.982900000000001,Lille,68,49,0,43,6,498,195,387,576,148,385,58,283,52,105,627,377,479,523,13490,16635,77,584,2290,360,2059,286,138,61,214,59,7,465,0,23939,725,13,11,1,1,61,20,164,149,164,26,4,0,33,15,94,57,36,12,10,10,2,680,680,6,911,32,1,39,46,42,628
1,Ligue_1,2018,3,Lyon,38,21,9,8,70,47,72,72.71409200000001,2.7140919999999937,65.11332399999999,44.70581120000002,-2.2941887999999864,40.90534220000001,24.2079818,8.60487065362764,14.678871439280837,264,152,69.48670000000001,-2.5132999999999868,Lyon,70,54,0,52,2,673,252,359,682,199,496,68,382,58,136,640,391,442,479,17918,20847,117,634,2259,457,2180,411,173,60,262,79,10,462,3,28504,1086,10,5,2,3,47,17,227,179,227,48,18,4,47,10,105,63,46,11,5,5,0,615,615,8,991,34,3,94,63,36,760
4,Ligue_1,2018,4,Saint-Etienne,38,19,9,10,59,41,66,57.84906499999999,-1.1509350000000111,54.04858699999998,48.808580600000006,7.808580599999999,41.9678046,12.0807824,10.320699571123226,12.210006657558973,197,185,58.3746,-7.625400000000006,Saint-Etienne,59,40,0,29,11,498,178,439,771,165,370,56,279,50,97,675,406,455,461,13981,17237,95,629,2216,308,2045,302,134,52,199,47,7,409,1,24776,827,5,5,0,0,59,13,224,184,225,18,7,2,41,13,115,76,40,6,9,9,1,734,734,17,1207,22,3,60,51,34,560
3,Ligue_1,2018,5,Marseille,38,18,7,13,60,52,61,52.080527000000004,-7.9194730000000035,48.28019299999999,44.589918,-7.4100819999999965,35.42076599999999,12.859426999999998,8.868161890871738,14.009418276039831,181,140,55.92750000000001,-5.072499999999991,Marseille,60,44,0,35,9,531,170,407,826,217,406,52,287,73,98,780,488,502,459,14824,18000,133,720,2188,350,2282,332,124,51,200,47,9,371,0,25691,824,5,4,0,1,66,20,225,192,225,21,11,1,52,12,87,54,37,11,12,12,2,646,646,13,1013,25,6,45,40,30,649
8,Ligue_1,2018,6,Montpellier,38,15,14,9,53,42,59,46.62067699999999,-6.379323000000007,44.34052499999999,41.25642200000001,-0.7435779999999923,37.33444700000001,7.006078,12.061848366779282,11.297010832104366,192,178,56.0964,-2.9035999999999973,Montpellier,53,28,0,21,7,509,171,487,749,194,370,42,284,57,105,758,429,536,481,12438,15831,119,773,2379,305,2271,286,116,46,226,58,7,386,2,23612,694,3,3,0,0,57,25,171,153,171,29,11,3,42,12,107,60,47,10,5,5,1,709,709,22,1373,12,1,58,33,27,565
17,Ligue_1,2018,7,Nice,38,15,11,12,30,35,56,43.449513,13.449513000000005,36.51428299999999,49.732516,14.732516000000004,45.172001,-8.657717999999997,11.599403481410205,13.548910063787947,135,216,48.15840000000002,-7.8415999999999855,Nice,30,19,0,16,3,441,131,457,495,125,331,42,254,55,108,663,419,425,527,17038,19818,61,541,2254,501,2196,245,82,25,198,51,5,413,1,27531,728,9,5,0,4,37,13,172,145,172,31,9,1,35,16,122,77,47,4,6,6,3,733,733,15,1048,13,0,40,42,16,922
11,Ligue_1,2018,8,Reims,38,13,16,9,39,42,55,37.119521,-1.880479000000001,35.59932999999999,42.28275399999999,0.28275399999999,36.962162400000004,-1.3628323999999987,13.311111790634529,9.108998729633841,165,176,48.21990000000001,-6.78009999999999,Reims,39,27,0,24,3,406,137,490,634,148,299,36,238,34,111,760,456,532,469,10625,13986,89,676,2343,318,2189,249,97,31,157,40,8,332,2,21453,643,2,2,0,0,54,14,164,146,164,14,6,1,42,14,111,60,53,12,7,7,0,819,819,15,1038,17,3,79,27,18,587
6,Ligue_1,2018,9,Nimes,38,15,8,15,57,58,53,48.504984,-8.495016,43.944745000000005,55.471937,-2.528063000000003,51.67159,-7.726844999999999,11.315547086499025,8.8104803764441,151,189,49.8976,-3.102400000000003,Nimes,57,37,0,23,14,520,179,440,736,172,366,48,267,60,120,724,441,487,500,10145,13630,89,732,2303,359,2273,291,117,47,231,64,10,407,1,21700,733,6,4,1,1,72,17,202,190,202,26,10,2,58,10,123,81,43,12,5,5,1,772,772,15,1049,16,0,40,37,30,676
7,Ligue_1,2018,10,Rennes,38,13,13,12,55,52,52,56.051170000000006,1.0511700000000133,48.30463700000002,46.19415000000002,-5.805849999999985,42.31018400000001,5.994452999999999,10.898668890260586,11.897952019372413,187,207,59.93230000000002,7.932300000000026,Rennes,55,34,0,26,8,470,159,388,663,143,325,50,259,31,119,654,397,490,496,13084,16117,86,647,2269,389,2151,267,107,43,206,55,12,379,1,23702,729,10,7,1,2,65,11,191,158,191,47,14,2,52,11,107,69,43,15,5,5,1,731,731,7,1026,17,1,61,46,29,764
5,Ligue_1,2018,11,Strasbourg,38,11,16,11,58,48,49,40.58874,-17.411260000000006,35.219885999999995,48.5063415,0.5063414999999978,41.5713025,-6.351416499999999,12.704171596230069,13.227018232715855,156,182,46.48069999999999,-2.5193000000000154,Strasbourg,58,43,0,34,9,402,157,418,721,168,310,37,225,42,127,651,407,512,411,13595,16898,114,654,2250,285,1969,235,107,50,168,51,8,404,1,24106,595,7,5,0,2,40,11,157,132,157,11,2,1,48,9,103,65,43,9,9,9,2,698,698,17,1415,12,2,43,22,33,515
9,Ligue_1,2018,12,Nantes,38,13,9,16,48,48,48,48.038438,0.038437999999999306,41.957929,47.296807,-0.7031929999999988,41.070258,0.8876709999999994,10.274389822448562,10.192764525093576,166,182,54.6208,6.620800000000003,Nantes,48,28,0,25,3,517,150,430,725,191,381,45,290,62,106,773,480,493,504,12172,15869,110,806,2439,275,2311,270,89,39,249,63,9,396,0,23611,734,8,6,1,1,79,26,182,151,182,23,5,1,48,8,83,55,29,15,8,8,4,785,785,18,1018,9,0,76,42,27,500
10,Ligue_1,2018,13,Angers,38,10,16,12,44,49,46,47.496038,3.496037999999998,39.750887,46.30528199999999,-2.6947180000000097,42.405612,-2.6547250000000004,16.96153690455383,10.155006730004557,189,204,53.2052,7.205199999999998,Angers,44,27,0,22,5,454,154,420,627,141,331,41,248,55,109,676,400,449,455,11939,15072,69,638,2264,318,2054,277,113,41,179,43,3,447,2,22583,707,10,5,0,5,68,20,166,157,166,19,3,0,49,13,119,86,33,15,5,5,2,823,823,8,935,22,2,51,37,28,558
14,Ligue_1,2018,14,Bordeaux,38,10,11,17,34,42,41,37.2663785,3.2663784999999947,32.681127499999995,52.186512,10.186511999999999,46.86591200000001,-14.184784499999996,11.047981161545449,10.625571141056172,159,188,41.3669,0.36689999999999395,Bordeaux,34,25,0,22,3,427,138,390,659,137,330,30,268,37,114,720,447,545,503,13562,16893,82,685,2386,342,2216,215,78,30,212,60,4,426,0,24515,604,6,5,0,1,46,10,168,153,168,22,5,0,42,10,114,68,45,6,7,7,1,906,906,11,1057,13,1,60,24,17,655
13,Ligue_1,2018,15,Toulouse,38,8,14,16,35,57,38,42.72779600000001,7.727796000000005,34.366949000000005,56.420711,-0.5792889999999957,51.86040499999999,-17.493456,12.262682312033187,9.976165159733805,174,209,43.9835,5.9834999999999985,Toulouse,35,16,0,11,5,434,133,381,629,140,312,40,243,52,126,668,417,558,479,11902,15295,80,751,2332,366,2214,265,101,30,169,32,5,444,1,23113,723,11,7,0,4,50,10,158,144,159,19,6,2,57,9,122,72,51,20,6,6,1,872,872,18,1015,12,2,69,41,18,698
15,Ligue_1,2018,16,Amiens,38,9,11,18,31,52,38,34.630686000000004,3.630686000000004,32.350410000000004,46.755321,-5.244679000000005,39.91454,-7.564129999999998,11.070733603426767,9.500525852298312,146,213,42.3446,4.3446,Amiens,31,22,0,17,5,388,117,393,584,128,285,29,217,44,140,629,384,521,522,11032,14539,75,743,2196,248,2118,199,74,27,190,44,4,405,2,21829,546,3,2,0,1,65,19,137,118,138,19,6,1,52,11,116,71,46,4,9,9,2,813,813,6,979,16,1,65,27,17,477
12,Ligue_1,2018,17,Monaco,38,8,12,18,38,57,36,46.49481819999998,8.494818199999981,42.69446719999999,48.76286300000001,-8.23713699999999,42.657608,0.036859200000001424,11.131900537625484,11.255752799968713,184,169,51.26680000000002,15.266800000000027,Monaco,38,25,0,21,4,467,159,382,748,180,322,41,245,52,86,685,422,528,510,12966,16118,107,635,2197,284,2082,280,111,35,187,48,3,352,2,23659,738,5,4,0,1,57,13,195,164,195,25,8,1,57,8,93,57,35,5,8,8,3,799,799,13,901,11,2,55,40,19,563
16,Ligue_1,2018,18,Dijon,38,9,7,22,31,60,34,36.130932,5.130931999999994,32.9690394,57.61286199999999,-2.3871380000000078,55.332705000000004,-22.3636656,11.05603292373914,10.94207669315166,199,214,37.4682,3.468200000000003,Dijon,31,20,0,16,4,453,144,479,607,157,328,33,255,53,120,675,409,573,448,11999,15337,90,730,2274,341,2156,236,85,27,219,61,4,376,1,22753,637,4,3,0,1,50,12,167,135,167,25,6,0,60,6,113,70,50,16,3,3,0,767,767,13,1208,9,3,59,29,20,592
18,Ligue_1,2018,19,Caen,38,7,12,19,29,54,33,26.9720973,-2.027902700000002,23.931855300000002,61.086346,7.086345999999999,55.00584199999999,-31.073986699999995,12.718814711010806,9.058018483121312,98,224,30.23909999999999,-2.7609000000000097,Caen,29,17,0,13,4,336,97,481,647,133,221,27,169,33,141,711,438,559,504,10501,13748,80,801,2214,268,2233,180,66,21,156,31,8,419,2,21448,475,4,4,0,0,67,16,127,114,127,17,2,1,54,9,142,91,54,4,8,8,2,884,884,5,1305,7,1,50,20,15,529
19,Ligue_1,2018,20,Guingamp,38,5,12,21,28,68,27,39.4550368,11.455036799999995,34.8108968,54.936156700000005,-13.063843300000002,50.37585169999999,-15.5649549,13.766611057392325,9.00381733402865,151,227,44.1193,17.119299999999996,Guingamp,28,21,0,15,6,415,115,415,808,180,304,37,234,49,112,687,433,486,470,10396,13825,104,806,2272,347,2272,238,87,27,177,28,1,477,0,21513,724,6,5,0,1,72,24,194,172,194,17,5,0,68,10,103,60,48,8,6,6,2,705,705,19,1053,7,5,54,31,20,566
2,Serie_A,2018,1,Juventus,38,28,6,4,70,30,90,64.52717999999999,-5.472820000000013,58.436831000000005,35.03205310000001,5.032053100000006,31.98693680000001,26.449894200000006,10.160174461892913,13.964740610341346,290,158,70.92990000000002,-19.070099999999982,Juventus,70,44,0,34,10,610,200,398,871,215,476,59,367,63,130,572,355,471,477,17323,20092,146,557,2166,370,1945,366,138,65,248,66,5,324,1,27208,956,8,7,0,1,48,20,244,177,244,27,6,1,30,16,84,49,35,6,4,4,1,601,601,12,1438,12,0,75,41,43,628
1,Serie_A,2018,2,Napoli,38,24,7,7,74,36,79,68.237943,-5.762056999999999,65.19279300000001,36.50233649999999,0.5023364999999913,33.457179499999995,31.7356135,10.724236356146054,18.070187315701816,344,181,74.4511,-4.548900000000003,Napoli,74,54,0,49,5,705,235,360,775,166,563,76,476,32,107,576,360,410,418,20097,23021,113,406,2364,336,1711,391,153,56,315,83,18,323,0,29976,965,4,3,1,0,19,4,255,188,256,23,9,4,36,14,101,66,38,6,4,4,0,590,590,10,1269,29,2,85,58,34,574
0,Serie_A,2018,3,Atalanta,38,20,9,9,77,46,69,74.42529300000002,-2.5747069999999894,71.38009299999999,41.849468,-4.1505320000000046,38.04301300000001,33.33708,8.926904684413559,13.724031476548813,367,164,71.88260000000002,2.8826000000000107,Atalanta,77,59,0,48,11,641,222,456,801,204,509,83,389,57,95,638,396,445,506,17045,20282,119,639,2467,362,2131,433,169,68,210,55,9,462,3,28126,1173,4,2,1,1,28,6,242,231,244,16,4,0,46,9,92,60,31,10,5,5,0,632,632,16,1102,21,0,71,56,50,652
5,Serie_A,2018,4,Inter,38,20,9,9,57,33,69,66.47384799999999,9.47384799999999,59.622361,38.401340999999995,5.401341000000002,34.594894999999994,25.027466,9.183001992827656,17.12403833156835,311,192,71.74619999999999,2.7461999999999875,Inter,57,36,0,27,9,634,200,308,1091,277,496,70,404,53,104,615,407,468,497,18337,21268,198,539,2222,286,1907,391,142,51,243,58,6,309,3,28656,1052,9,8,0,1,53,13,301,225,302,10,0,0,33,17,98,63,35,7,5,5,0,577,577,1,1244,18,0,64,62,33,514
7,Serie_A,2018,5,AC Milan,38,19,11,8,55,36,68,52.16481300000001,-2.8351869999999906,49.1196927,41.70170099999999,5.701700999999992,37.895201,11.224491700000005,11.936967300692885,14.05629057453722,255,194,60.1064,-7.893599999999998,AC Milan,55,34,0,32,2,586,198,373,751,169,451,52,376,39,109,642,383,445,482,16471,19244,122,507,2166,341,1943,311,122,44,279,80,11,416,1,26713,793,4,3,0,1,46,9,230,159,230,19,5,2,36,12,110,67,39,7,5,5,1,772,772,23,1140,14,1,63,43,28,542
3,Serie_A,2018,6,Roma,38,18,12,8,66,48,66,68.394175,2.3941750000000037,63.82645000000001,52.79382100000002,4.7938210000000145,47.46480500000001,16.361645000000003,13.657052678286998,13.705715562099586,296,219,62.1298,-3.870199999999997,Roma,66,42,0,35,7,622,218,414,855,241,488,65,378,67,154,536,343,461,401,14161,17192,147,751,2222,352,2011,407,154,58,216,65,8,351,1,24532,985,6,6,0,0,57,14,228,180,228,15,6,2,48,10,118,69,49,10,7,7,1,760,760,6,1198,24,0,50,52,38,626
9,Serie_A,2018,7,Torino,38,16,15,7,52,37,63,46.47120500000001,-5.528794999999995,41.903657,48.94320499999999,11.943204999999994,45.136753000000006,-3.2330960000000006,7.6040606308695375,8.572115784590983,219,215,49.8381,-13.161899999999996,Torino,52,31,0,23,8,519,181,448,752,197,379,38,304,43,117,635,394,617,576,11959,15307,142,854,2455,337,2367,301,122,39,220,61,13,453,0,23189,788,6,5,1,0,57,19,182,99,184,26,3,0,37,15,109,73,37,9,5,5,2,763,763,11,1195,12,1,75,37,18,583
6,Serie_A,2018,8,Lazio,38,17,8,13,56,46,59,61.26507900000001,5.265079,56.697329,46.44548200000001,0.4454820000000055,41.868607,14.828722000000004,11.669451189630827,13.172013275267307,337,196,61.0383,2.0383,Lazio,56,35,0,28,7,612,192,430,740,183,480,66,391,51,136,656,404,502,397,14812,18003,114,635,2360,343,2000,372,141,46,242,53,10,334,3,25363,1004,6,6,0,0,41,12,226,191,228,22,2,1,46,10,106,64,42,9,6,6,1,732,732,21,1112,25,1,97,59,27,610
4,Serie_A,2018,9,Sampdoria,38,15,8,15,60,51,53,53.194756000000005,-6.805244000000003,44.05938,54.27488199999999,3.274881999999991,48.04857799999999,-3.9891980000000005,9.506282647281557,12.864331295295296,290,215,50.94820000000002,-2.051799999999986,Sampdoria,60,41,0,35,6,487,179,366,638,139,340,54,269,29,122,647,425,493,522,16167,19436,91,494,2289,277,1904,263,122,53,224,57,7,462,1,26619,761,12,10,0,2,52,14,168,139,168,20,5,2,51,13,99,62,39,20,8,8,1,756,756,13,928,16,1,70,41,35,470
11,Serie_A,2018,10,Bologna,38,11,11,16,48,56,44,48.100653,0.10065299999999412,44.29415300000001,51.05562200000001,-4.944377999999993,48.01042100000001,-3.716268,13.432920082398624,9.090118792411564,200,238,48.95350000000001,4.9535000000000045,Bologna,48,35,0,24,11,500,165,376,735,157,353,47,268,49,142,689,429,516,524,10978,14081,101,773,2188,272,2229,293,119,43,210,49,5,361,1,21739,754,5,5,0,0,51,9,207,151,208,25,7,2,56,10,119,69,52,9,4,4,0,805,805,18,1035,6,1,83,37,29,542
8,Serie_A,2018,11,Sassuolo,38,9,16,13,53,60,43,49.75482300000001,-3.245176999999991,45.94836500000001,61.107331000000016,1.1073310000000165,55.01725240000001,-9.068887400000001,11.569352101445403,11.226541331411863,191,220,45.63980000000001,2.639800000000008,Sassuolo,53,33,0,24,9,513,157,377,660,136,379,54,304,40,110,528,327,528,533,15425,18373,75,483,2127,358,1878,265,105,43,251,55,10,386,2,25562,705,5,5,0,0,40,9,185,177,185,21,6,0,60,12,112,81,32,9,8,8,3,779,779,15,968,15,3,73,42,29,631
16,Serie_A,2018,12,Udinese,38,11,10,17,39,53,43,42.48628299999999,3.4862829999999865,36.21948,62.23432600000002,9.234326000000015,55.38272800000001,-19.163248000000006,14.520379095856688,8.258603130964934,166,290,38.66579999999999,-4.33420000000001,Udinese,39,29,0,23,6,463,130,380,585,145,343,39,278,35,161,653,387,505,477,10680,13702,98,724,2111,331,2147,231,80,31,234,52,8,372,1,21183,639,8,3,1,4,35,10,164,122,168,12,3,0,53,9,133,83,50,1,9,9,0,969,969,36,1074,14,0,66,35,21,559
13,Serie_A,2018,13,SPAL 2013,38,11,9,18,44,56,42,43.28407000000001,-0.7159299999999931,37.193884,54.011208,-1.988792000000004,50.20475,-13.010865999999998,12.367779236372225,10.449170340038398,139,288,44.733999999999995,2.7340000000000018,SPAL 2013,44,30,0,19,11,462,138,385,864,226,349,32,267,52,136,583,374,499,558,13222,16029,156,597,2061,274,1976,282,101,38,180,37,6,398,0,23348,653,8,7,1,0,53,22,196,164,196,15,4,1,56,10,120,72,50,5,5,5,0,800,800,11,938,1,2,37,31,22,493
12,Serie_A,2018,14,Fiorentina,38,8,17,13,47,45,41,54.123063,7.123063000000003,49.55527999999999,44.0784088,-0.9215912000000016,39.510731799999995,10.0445482,9.725814176769411,10.54236862996559,211,194,59.21800000000001,18.21800000000001,Fiorentina,47,24,0,22,2,585,179,412,780,177,443,51,357,59,130,594,370,562,513,12286,15503,108,658,2236,303,2044,345,129,39,242,52,8,375,3,23154,881,6,5,0,1,53,10,236,187,238,15,4,2,45,9,107,56,51,8,6,6,1,830,830,19,1004,18,0,48,49,27,588
17,Serie_A,2018,15,Cagliari,38,10,11,17,36,54,41,40.939495,4.939494999999994,38.65559499999999,63.740840000000006,9.74084,56.12792400000001,-17.472329000000002,10.48832488447744,12.999506442603385,196,292,39.3664,-1.6336000000000013,Cagliari,36,26,0,19,7,436,127,345,794,205,321,38,235,59,125,602,386,573,457,13443,17014,129,872,2228,177,2081,269,95,34,168,33,2,368,2,24195,683,3,2,1,0,50,14,190,173,190,13,5,1,54,7,155,108,46,7,10,10,2,780,780,13,1240,12,2,58,34,21,343
14,Serie_A,2018,16,Parma Calcio 1913,38,10,11,17,41,61,41,41.0986435,0.09864349999999432,37.29218489999999,64.98114400000001,3.981144000000015,58.89079000000002,-21.598605100000004,16.81957508538363,7.936237585238111,128,346,36.7845,-4.215499999999999,Parma Calcio 1913,41,23,0,17,6,355,111,398,512,100,245,44,185,36,183,579,351,493,438,9102,12232,53,584,2083,279,1853,207,82,38,149,30,3,376,5,19324,539,5,4,0,1,47,7,144,127,145,19,4,2,61,10,149,103,53,1,8,8,0,1023,1023,8,1091,11,1,91,32,32,520
15,Serie_A,2018,17,Genoa,38,8,14,16,39,57,38,44.53906780000001,5.539067800000005,40.73264880000001,56.354305000000004,-0.6456950000000035,51.786555,-11.053906199999998,12.17197102737842,9.15807988738573,235,255,44.68179999999999,6.681799999999987,Genoa,39,26,0,22,4,532,152,427,794,173,387,40,295,66,114,670,423,559,485,10258,13670,107,776,2243,286,2192,298,115,35,236,39,4,328,2,20947,780,5,4,0,1,58,14,186,161,187,24,1,0,57,7,117,73,44,5,6,6,1,802,802,21,1026,13,1,65,32,21,498
10,Serie_A,2018,18,Empoli,38,10,8,20,51,70,38,52.061419,1.0614190000000008,46.59641000000001,63.32737999999999,-6.672620000000008,57.237067,-10.640656999999994,14.096073605930854,11.303252408069467,292,265,46.5398,8.5398,Empoli,51,36,0,29,7,457,154,333,636,120,334,56,263,33,133,552,327,458,447,13619,16705,76,445,2167,327,1750,303,122,49,157,35,2,369,2,23704,906,7,4,2,1,25,4,187,149,189,17,1,0,70,5,166,105,64,11,8,8,1,742,742,20,1074,19,4,77,40,34,550
18,Serie_A,2018,19,Frosinone,38,5,10,23,29,69,25,36.1032521,7.103252099999999,32.2967901,64.5936685,-4.406331499999993,60.78729850000001,-28.4905084,14.777898995615477,9.125747001085426,139,335,35.9425,10.942500000000004,Frosinone,29,21,0,14,7,455,126,384,815,195,319,35,258,40,150,572,354,560,541,10502,13736,147,655,2220,212,1941,263,86,24,193,41,5,351,1,20984,547,5,4,0,1,52,10,160,134,161,24,5,0,69,9,149,91,55,4,5,5,0,845,845,8,971,4,2,73,31,16,425
19,Serie_A,2018,20,Chievo,38,2,14,22,25,75,20,36.4763295,11.4763295,31.9085255,62.692868,-12.307131999999996,59.480417,-27.57189149999999,13.518123249549012,11.513253708093975,147,296,35.00010000000001,15.000100000000009,Chievo,25,17,0,15,2,391,117,473,677,152,290,41,235,37,132,620,369,587,482,11615,14887,107,729,2181,197,1990,210,78,22,181,39,3,356,2,21951,530,6,4,0,2,35,11,131,102,133,14,3,1,75,7,141,85,55,1,4,4,2,916,916,13,1201,4,2,78,42,14,361
